编号,名称,类型,子类,费用,攻击力,生命,词条,效果文本,引擎ID,状态,备注
U01,攻击,锦囊,攻击性,1,,,,"对一名敌方单位造成2点伤害",U01,已实现,手绘卡写的是0费；作者确认为笔误，应为1费
U02,滚石,锦囊,攻击性,1,,,,"消灭一名攻击力≤2的敌方单位",U02,已实现,手绘卡写的是0费；作者确认为笔误，应为1费
U03,速写师,单位,,2,1,1,,"打出: 抽一张牌",U03,已实现,
U04,蚊子,单位,,1,1,1,两栖,"造成伤害: 为自己的国王回复1点生命",U04,已实现,打国王时同样触发（D14）
U05,吸血鬼,单位,,3,2,3,狂热,"造成伤害: 获得+1攻+1生命上限",U05,已实现,词条「狂热」用已有词条；效果是造成伤害时+1/+1
U06,斩杀,锦囊,攻击性,2,,,,"消灭一名受伤的敌人",U06,已实现,受伤=当前生命<生命上限
U07,鲨鱼,单位,,4,3,4,水生,"有敌人受到伤害时，对其造成1点伤害",U07,已实现,卡面数字空白 作者裁决为1；水生是地形词条
U08,骨折,锦囊,攻击性,2,,,,"一名敌人获得-2攻-1生命上限",U08,已实现,数值修改不是伤害 不触发装甲荆棘与观察者（D25）
U09,战略纵深,锦囊,道具性,4,,,,"使友方国王获: 友方单位被消灭时抽一张牌",U09,已实现,国王永久被动 可叠加（D27）
U10,侯王,单位,,4,4,4,先制,"打出: 对你的国王造成2点伤害；这张牌在开战时优先攻击",U10,已实现,先制=伤害先结算 被打死的敌人不反击（D23）
U11,虫群,单位,,10,8,9,,"打出: 消灭所有敌方单位",U11,已实现,不含国王；10费最早第10回合（D28）
U12,拷问官,单位,,4,2,4,,"本条线上的敌人获扎根；场上所有扎根的敌人获-3攻",U12,已实现,光环 离场即失效（D24/D26）
U13,富饶,锦囊,道具性,1,,,,"双方各抽一张牌",U13,已实现,
U14,紧急包扎,锦囊,道具性,5,,,,"立即回复自己国王已损失生命值的一半",U14,已实现,向上取整 上限20（D30）
U15,密命王牌,单位,,4,3,4,,"场上没有队友时: 获得+3攻",U15,已实现,按全场判断 光环（D29）
U16,怨魂,单位,,3,0,5,,"有敌人受到伤害时，对其造成1点伤害",U16,已实现,卡面没画攻击力 作者裁决为0
U17,具象,锦囊,道具性,3,,,,"抽两张牌",U17,已实现,
U20,转移,锦囊,道具性,1,,,,移动一名队友；抽一张牌,U20,已实现,
U21,异化蚰蜒,单位,,6,6,8,两栖 组合 荆棘2,,U21,已实现,
U22,狂暴异虫,单位,,3,3,3,暴击2,,U22,已实现,
U23,战时盟国,锦囊,道具性,8,,,,将一名敌人置入你的手牌,U23,已实现,
U24,灭世,锦囊,攻击性,8,,,,消灭场上所有单位,U24,已实现,
U25,枪打出头鸟,锦囊,攻击性,3,,,,消灭一名⚔≥4的敌人,U25,已实现,
U26,强心针,锦囊,道具性,1,,,,一名队友获得+3♥,U26,已实现,
U27,伪装土堆,单位,,2,0,7,组合,这张牌将为后方的单位承受伤害,U27,已实现,
U28,鲸鱼,单位,,4,2,5,水生,回合开始:对自己线上造成1点伤害,U28,已实现,
U31,跳杆运动员,单位,,4,4,3,融合进化,有单位被弹射时获得+1⚔+1♥；融合进化:弹射一名敌人,U31,已实现,
U32,致命打击,锦囊,攻击性,3,,,,造成3点伤害；使那名单位的生命上限减少3,U32,已实现,
U33,雷电击,锦囊,攻击性,2,,,,"造成2点伤害,受到此伤害的敌人获-2⚔",U33,已实现,
U34,火球,锦囊,攻击性,2,,,暴击1,对一名敌人造成3点伤害,U34,已实现,
U35,第5伞兵旅,单位,,3,3,4,,"回合开始:抽两张牌,弃置一张手牌",U35,已实现,
U36,隐翅虫,单位,,3,3,1,淬毒2,被消灭:自己线上的敌人获-2⚔-2♥,U36,已实现,
U37,SU-122,单位,,6,5,5,穿透1,"打出:造成3点伤害,若目标具有装甲,对其额外造成10点伤害",U37,已实现,
U38,僵尸,单位,,5,5,5,狂热,"被消灭:召唤一张僵尸，其花费增加1",U38,已实现,"攻击力 5 是作者 2026-09 从卡面的 3 改上去的（不是录入错误）；召唤物仍进手牌；花费逐代累加 5→6→7→8"
U60,病原体,单位,,3,3,3,疾病,,U60,已实现,
U61,来一口,锦囊,攻击性,2,,,,一名敌人获得-1⚔-1♥，为自己回复3♥,U61,已实现,
U62,恒河水炮,单位,,3,2,4,疾病,,U62,已实现,
U63,苦痛,单位,,7,4,7,荆棘3,受到伤害:获得+4⚔,U63,已实现,
U64,回旋龙卷风,锦囊,道具性,3,,,,弹射一名敌人,U64,已实现,
U65,沙丁鱼,单位,,1,1,1,水生 组合,,U65,已实现,
U66,霸王龙,单位,,6,6,6,融合进化,融合进化打出时，这张牌获得双重打击,U66,已实现,
U67,强壮,锦囊,道具性,1,,,,所有队友获得+1⚔+2♥,U67,已实现,
U68,掩体,单位,,1,0,5,组合,,U68,已实现,
U69,抹杀,锦囊,攻击性,5,,,,消灭一名敌人,U69,已实现,
U70,铁墙,单位,,2,0,6,组合 装甲1,,U70,已实现,
U71,假人模特,单位,,1,0,4,组合 锦囊免疫,,U71,已实现,
U72,红火蚁,单位,,2,2,5,,每扣除1♥，便对指定单位造成1点伤害；打出:获得-2♥,U72,已实现,
U73,虫族药师,单位,,3,3,2,淬毒1 组合,打出:造成2点伤害,U73,已实现,
U74,老鼠,单位,,2,2,1,,自己线上的敌人获得-1⚔,U74,已实现,
U100,定点打击,锦囊,攻击性,1,,,,造成2点伤害,U100,已实现,
U101,虫族士兵,单位,,1,2,1,组合,,U101,已实现,
U102,战棋,单位,,2,1,1,组合,在场:自己和相邻线上的队友获得+1⚔,U102,已实现,
U103,吹箭手,单位,,2,3,1,穿透1,,U103,已实现,
U104,沧龙,单位,,5,5,4,水生,回合开始:消灭自己和相邻线上的所有敌人,U104,已实现,
U105,T-34 1942,单位,,6,6,6,无敌,本单位受到的伤害为0,U105,已实现,
U106,紧急撤离,锦囊,道具性,2,,,,弹射一名队友，抽一张牌,U106,已实现,
U107,礼盒,锦囊,道具性,2,,,,回复3♥，抽一张牌,U107,已实现,
U108,甲龙,单位,,4,2,3,装甲3,,U108,已实现,
U109,健身学员,单位,,1,1,1,,回合开始:获得+1⚔+1♥,U109,已实现,
U110,绷带,锦囊,道具性,1,,,,治疗3点生命值,U110,已实现,
U111,弓箭手,单位,,1,1,1,,打出:造成一点伤害,U111,已实现,
U112,橄榄球员,单位,,5,4,4,装甲1 狂热 溅射1,,U112,已实现,
U113,鸡腿,锦囊,道具性,2,,,,治疗4点生命值,U113,已实现,
U140,生长炸弹,锦囊,攻击性,5,,,,,U140,已实现,
U141,炒鸡赛亚人,单位,,5,5,4,穿透999,,U141,已实现,
U142,停战调剂,锦囊,道具性,4,,,,所有单位获得-1◈；然后弹射所有◈<2的单位,U142,已实现,
U143,大力丸,锦囊,道具性,2,,,,一名队友获+2⚔+2♥,U143,已实现,
U144,物产丰富,锦囊,道具性,3,,,,抽两张牌,U144,已实现,
U145,南方巨兽龙,单位,,7,6,7,狂热,,U145,已实现,
U146,雪松,单位,,2,0,3,装甲1 组合 扎根,回合开始:获得+1♥,U146,已实现,
U147,异形,单位,,3,1,4,暴击2 淬毒1,,U147,已实现,令牌：不进牌库，只能被召唤
U148,牛肉,锦囊,道具性,1,,,,恢复3点血量,U148,已实现,令牌：不进牌库，只能被召唤
U149,仙人掌,单位,,3,0,4,荆棘3 组合,,U149,已实现,
U150,麻雀,单位,,1,2,2,轻灵,,U150,已实现,
U155,赤红糖果,锦囊,道具性,1,,,,一名队友获得+1⚔+2♥,U155,已实现,
U153,功勋,锦囊,道具性,2,,,,一名队友获复生,U153,已实现,令牌：不进牌库，只能被召唤
U154,抱脸虫,单位,,4,3,3,捕猎,进入一条线:那里的敌人获-2⚔-1♥,U154,已实现,令牌：不进牌库，只能被召唤
U156,流星碎片,单位,,2,0,1,,打出:一名队友获+3⚔；这张牌获-1♥,U156,已实现,令牌：不进牌库，只能被召唤
U200,游击队,单位,,2,4,1,,开战回合:获得无敌,U200,已实现,
U201,紫电局地战,单位,,6,4,5,轻灵 双重打击,开战回合这张牌无敌,U201,已实现,
U202,登山员,单位,,2,2,2,,在高山上打出获得+1⚔+1♥,U202,已实现,
U203,力量光波,锦囊,攻击性,4,,,,造成己方场上队友数×2的伤害,U203,已实现,
U204,石中剑,单位,,3,1,5,,打出:场上每有一名单位这张牌便获+1⚔,U204,已实现,
U205,鲸鲨,单位,,4,2,4,水生,打出:消灭一名♥最低的敌人,U205,已实现,
U206,狂犬病,锦囊,攻击性,3,,,,"一名队友获得疾病,并额外攻击一次",U206,已实现,
U207,咖啡豆,锦囊,攻击性,2,,,,一名队友额外攻击一次,U207,已实现,
U208,魔术师,单位,,4,2,3,,打出:让一名敌人变为⚔1♥2的兔子,U208,已实现,
U209,感染,锦囊,道具性,4,,,,一名队友获+3⚔+3♥；并获得组合与淬毒；清空其本身的异能,U209,已实现,
U210,山炮,单位,,1,2,1,组合,,U210,已实现,
U211,剑龙,单位,,3,2,4,荆棘2,,U211,已实现,
U212,坚固防线,锦囊,道具性,4,,,,为你的国王回复等同于在场单位数的♥,U212,已实现,
U240,无双剑豪,单位,,9,8,7,暴击3 溅射3,消灭敌人:所有队友获+1⚔；+1♥,U240,已实现,
U241,酸雨,锦囊,攻击性,2,,,,平地上的所有敌人获得-1⚔-1♥,U241,已实现,
U242,拳击手,单位,,2,2,3,,"对方打出锦囊牌时,获得+1⚔+1♥",U242,已实现,
U243,永恒秘典,单位,,3,0,4,装甲1 组合,后方的队友获 穿透2；回合开始:♥变为4,U243,已实现,
U244,派对客,单位,,3,2,3,双重打击,"有队友额外攻击时,抽一张牌",U244,已实现,
U245,格斗家,单位,,4,3,4,,♥>2时获穿透1,U245,已实现,
U280,导弹,单位,,3,0,1,组合,被消灭:对自己线上的所有单位造成5点伤害,U280,已实现,
U281,卫兵,单位,,2,6,6,组合 无法攻击,"无法攻击,4个单位被消灭后,封印这张牌的异能",U281,已实现,
U282,利奥波德,单位,,10,6,5,穿透2,打出:将所有敌方单位返回牌堆顶,U282,已实现,
U283,武术大师,单位,,6,0,7,双重打击,此攻击使用♥而不是⚔,U283,已实现,
U284,禁军,单位,,3,4,2,,打出:封印一个单位的异能.,U284,已实现,
U285,弹簧假人,单位,,2,1,4,,造成伤害:弹射那名敌人,U285,已实现,
U286,青蛙,单位,,3,2,2,两栖,打出:消灭自己线上⚔<2的所有单位,U286,已实现,
U287,狙击手,单位,,4,3,3,,开战时:造成2点伤害,U287,已实现,选择一个目标（敌方单位或敌方国王，作者 2026-10，见裁决 D71）
U288,毒镖,锦囊,攻击性,2,,,淬毒1,对一名敌人造成3点伤害,U288,已实现,
U289,第3补给营,单位,,4,2,2,组合 装甲1,"打出:选择一个单位,其每具有一个词条,抽一张牌",U289,已实现,
U291,炫彩糖果,锦囊,道具性,2,,,,"一名队友本回合获得无敌,抽1张牌",U291,已实现,
U293,宝藏,锦囊,道具性,4,,,,"每有一名队友,抽一张牌",U293,已实现,
U320,幽灵,单位,,1,0,1,组合,,U320,已实现,令牌：不进牌库，只能被召唤
U321,白鼠,单位,,2,0,1,,被消灭:所有队友获+1♥+1⚔,U321,已实现,令牌：不进牌库，只能被召唤
U322,猎手模式,锦囊,道具性,4,,,,所有队友获得捕猎；所有捕猎的队友获+1⚔+1♥和狂热,U322,已实现,令牌：不进牌库，只能被召唤
U323,枯树皮,锦囊,道具性,0,,,,一名队友获得装甲1；和+2♥,U323,已实现,令牌：不进牌库，只能被召唤
U324,火箭弹,锦囊,攻击性,1,,,,造成3点伤害,U324,已实现,令牌：不进牌库，只能被召唤
U325,劫匪头套,锦囊,道具性,1,,,,融合:让那个单位获得+1⚔,U325,已实现,令牌：不进牌库，只能被召唤
U326,队徽,锦囊,道具性,1,,,,使一名队友获得:装甲1、祝福2,U326,已实现,令牌：不进牌库，只能被召唤
U327,近卫步兵,单位,,1,1,1,荆棘2 疾病 组合,本单位的疾病效果立即触发,U327,已实现,令牌：不进牌库，只能被召唤
U328,湿滑地面,锦囊,道具性,1,,,,移动一名敌人,U328,已实现,令牌：不进牌库，只能被召唤
U329,兔子,单位,,1,1,2,,,U329,已实现,令牌：不进牌库，只能被召唤
U330,催化剂,锦囊,道具性,3,,,,名队友获得+2⚔+2♥,U330,已实现,令牌：不进牌库，只能被召唤
U331,水蛭,单位,,3,3,1,,被消灭:消灭一名♥≤3的敌人,U331,已实现,
U332,群情激愤,锦囊,道具性,1,,,,所有队友获得+1⚔,U332,已实现,
U333,苍耳,单位,,1,0,2,,对方打出锦囊牌时，对其造成1点伤害,U333,已实现,
U334,缠绕水草,锦囊,攻击性,2,,,,"一名敌人获得-1⚔-2♥；如果其位于水路,消灭它",U334,已实现,
U360,氢弹,锦囊,攻击性,7,,,,消灭平地上的所有单位；令平地不可放置单位一回合,U360,已实现,
U361,回收,锦囊,道具性,1,,,,将1张手牌洗入牌组，抽一张牌,U361,已实现,
U362,希佩尔海军上将号,单位,,6,6,5,水生,敌方抽牌时，将其弃置,U362,已实现,
U370,大封印碑,单位,,6,0,5,组合,在场:封印敌方所有单位的特殊效果,U370,已实现,
U371,反应装甲,锦囊,道具性,2,,,陷阱,本回合，所有敌方卡牌造成的伤害至多为2,U371,已实现,令牌：不进牌库，只能被召唤
U372,劫匪团队,单位,,3,4,3,,受到伤害:依次变为3/2、2/1。被消灭:召唤一张劫匪头套,U372,已实现,
U373,四号坦克H型,单位,,4,4,5,,若场上敌人数不大于队友数，获双重打击，否则额外攻击一次,U373,已实现,令牌：不进牌库，只能被召唤
U374,神威,锦囊,道具性,3,,,,令一名队友无法选中一回合,U374,已实现,令牌：不进牌库，只能被召唤
U375,橄榄球,锦囊,攻击性,1,,,溅射1,对一名敌人造成2点伤害,U375,已实现,
U380,蜜蜂,单位,,2,2,2,淬毒1,任何单位攻击时将略过这张牌；造成伤害:受到1点伤害,U380,已实现,
U381,雷龙,单位,,7,5,7,,打出:弹射平地上的所有敌人,U381,已实现,
U382,野蔷薇,单位,,2,1,3,荆棘2 淬毒1 组合,,U382,已实现,
U383,傀儡,单位,,1,0,2,锦囊免疫,,U383,已实现,令牌：不进牌库，只能被召唤
U384,人间大炮,单位,,4,3,4,必中 组合,有队友被打出时，对敌方国王造成1点伤害,U384,已实现,
U385,独生花,单位,,5,10,1,锦囊免疫,,U385,已实现,令牌；作者2026-10补数：攻击10生命1（原按0/5暂录）
U386,双嵴龙,单位,,2,2,2,两栖,在水池线上打出:获得+1⚔+1♥,U386,已实现,
U387,坚韧,锦囊,道具性,2,,,,一名队友获得装甲1，并+2♥,U387,已实现,
U390,黑龙,单位,,13,3,3,,在手牌中:在你出牌时，这张牌获+1⚔+1♥，若超过6⚔，转而降低1花费；打出:额外攻击一次,U390,已实现,
U391,经济爆炸,锦囊,道具性,2,,,,在剩下的游戏时间里，你的◈+1,U391,已实现,令牌：不进牌库，只能被召唤
U392,扫地僧,单位,,3,1,4,,"受到伤害:弹射本单位；打出:本单位的攻击力和防御力增加等同于本局对战中扫地僧进入战场次数的数值",U392,已实现,"防御力=♥（作者确认）；进场次数各方各算自己的；回手不保留旧加成；受到致命伤害照常被消灭"
U393,歼-10,单位,,8,4,4,轻灵,打出:抉择:获-4花费和穿透1；或+4⚔+2♥和装甲1,U393,已实现,
U394,盗贼,单位,,4,3,4,,回合开始:偷取对方国王 1 币（对方下回合少 1 点费用）,U394,已实现,
U396,强化士兵,单位,,2,2,3,,拟定目标攻击；被消灭:召唤一张功勋,U396,已实现,
U397,风神翼龙,单位,,4,4,3,组合 轻灵,,U397,已实现,作者 2026-10-03 补的数字；纯词条卡
U398,下界之风,锦囊,攻击性,1,,,,对敌方所有单位造成2点伤害，并对敌方国王造成2点伤害,U398,已实现,恶魔阵营超能力
U399,鲜血祭典,锦囊,道具性,1,,,,献祭一名队友，为国王回复与其当前攻击力相等的生命,U399,已实现,恶魔阵营超能力；回复不超过国王上限
U400,召唤仪式,锦囊,道具性,1,,,,二选一：下个大回合开始时召唤恶魔虚影；或国王扣除2点生命立即召唤,U400,已实现,恶魔阵营超能力
U401,死神,单位,,1,2,2,,打出时可献祭一名队友：获得+1攻击力+1生命上限、自己国王受3点伤害、对敌方目标造成5点伤害,U401,已实现,恶魔阵营超能力；可不发动直接打出
U402,恶魔虚影,单位,,3,1,4,狂热 锦囊免疫,,U402,已实现,恶魔阵营超能力令牌：不进牌库；每献祭一名友方单位获得+2攻击力+1生命上限
U403,传教,锦囊,道具性,1,,,,在场上选择一个位置召唤「上帝的信徒」(U407),U403,已实现,上帝阵营超能力；召唤要选落点
U404,圣经,锦囊,道具性,1,,,,使一名队友本回合获得无敌并+2生命上限，抽一张牌,U404,已实现,上帝阵营超能力
U405,庇佑,锦囊,道具性,1,,,,所有友方单位和友方国王本回合获无敌，抽一张牌,U405,已实现,上帝阵营超能力
U406,祝福,锦囊,道具性,1,,,,使一名队友获得祝福1，抽一张牌,U406,已实现,上帝阵营超能力
U407,上帝的信徒,单位,,3,2,4,,回合开始:所有队友获得+2生命上限，为友方国王回复2点血量,U407,已实现,上帝阵营超能力令牌；不进牌库；由「传教」召唤
U408,一式·刀客,锦囊,道具性,1,,,,选择一名队友:使其获得穿透2并+1攻击力,U408,已实现,剑道阵营超能力
U409,回刃,锦囊,道具性,1,,,,召唤一张「连斩」加入手牌，并为友方国王回复1点生命,U409,已实现,剑道阵营超能力
U410,连斩,锦囊,攻击性,0,,,,造成2点伤害，并召唤一张「回刃」加入手牌,U410,已实现,剑道阵营超能力令牌:不进牌库；本局友方每使用过一张「连斩」这张牌花费+1
U411,二式·剑心,锦囊,攻击性,1,,,,选择一名队友:其攻击力设为4并额外攻击一次；抽一张牌,U411,已实现,剑道阵营超能力
U412,终式·万剑归宗,锦囊,攻击性,1,,,,对所有敌人造成等于场上敌方单位数量的伤害；对敌方国王造成等于场上友方单位数量的伤害；抽一张牌,U412,已实现,剑道阵营超能力
U413,回旋曲,锦囊,攻击性,1,,,,选择一名敌人:其-2攻击力-2生命；选择并移动一名队友；抽一张牌,U413,已实现,音乐阵营超能力
U414,超重低音,锦囊,攻击性,1,,,,造成3点伤害；所有敌方单位-2攻击力-2生命,U414,已实现,音乐阵营超能力
U415,降噪耳机,单位,,1,2,3,,在场:所有敌方单位-1攻击力-1生命,U415,已实现,音乐阵营超能力
U416,和弦,锦囊,攻击性,1,,,,选择一名敌人:其-1攻击力-1生命；在手牌中:有敌方单位成为锦囊牌的目标时，使其-1攻击力-1生命,U416,已实现,音乐阵营超能力；在手牌中发动不花费用
U417,反应堆,单位,,1,0,1,组合,回合开始:友方+1费用；被消灭:对这条线上所有敌方单位造成4点伤害,U417,已实现,科学阵营超能力
U418,博士,单位,,1,2,1,锦囊免疫,回合开始:抽一张牌,U418,已实现,科学阵营超能力
U419,克隆,锦囊,道具性,1,,,,触发你使用的上一张锦囊牌的效果；抽一张牌,U419,已实现,科学阵营超能力；上一张也是克隆时不再套娃
U420,前沿科技,锦囊,道具性,1,,,,召唤一张「新兴研究」加入手牌；下个回合开始时抽一张牌,U420,已实现,科学阵营超能力
U421,新兴研究,锦囊,道具性,4,,,,友方手中卡牌花费-1；友方单位打出时:随机使其获得+1攻击力或+1生命,U421,已实现,科学阵营超能力令牌:不进牌库
U422,神使,单位,,1,1,4,装甲1,替友方国王承受伤害；回合开始:获得+1装甲,U422,已实现,神佑阵营超能力；由生命最低的那张顶
U423,祈祷,锦囊,道具性,1,,,,友方国王本回合每次受伤-2；为友方国王回复3点生命,U423,已实现,神佑阵营超能力
U424,诅咒,锦囊,道具性,1,,,,将一名敌人的攻击力永久设为0（本局内无法再被加成提升）；抽一张牌,U424,已实现,神佑阵营超能力
U425,神罚,锦囊,道具性,1,,,,将所有攻击力大于等于3的敌人的攻击力永久设为0,U425,已实现,神佑阵营超能力
