编号,词条,参数,类别,触发时机,效果,引擎实现,裁决
K01,双重打击,无,触发式,交战且未被消灭后,额外再攻击一次,已实现,已裁决 每单位每回合最多额外攻击一次
K02,狂热,无,触发式,交战并消灭敌方单位且自身未被消灭后,额外再攻击一次,已实现,已裁决 每单位每回合最多额外攻击一次
K03,疾病,无,触发式,对敌方单位造成大于0的伤害后且该单位未被消灭,在下回合开始时将其消灭,已实现,已裁决 回合开始结算 单位已离场则落空；国王不是单位，不会得病（见 D69）
K04,装甲,数值X,替代式,受到伤害时,使受到的伤害减少X,已实现,已裁决 结算链第二位
K05,荆棘,数值X,触发式,受到伤害时,对伤害来源造成X点伤害,已实现,已裁决 按最终伤害反弹 反弹不再触发荆棘
K06,祝福,数值X,替代式,受到伤害时,若此伤害大于X则设定此伤害为X点,已实现,已裁决 结算链第一位
K07,水生,无,静态-打出限制,打出时,只能在水路打出,已实现,已裁决
K08,两栖,无,静态-打出限制,打出时,可在水路打出,已实现,已裁决
K09,轻灵,无,静态-动态,持续,当前生命大于等于生命上限的一半向上取整时获得两栖；否则失去两栖然后若其在水路将其消灭,已实现,已裁决 原名飞行 已改名
K10,锦囊免疫,无,静态,持续,无法作为锦囊牌的目标,已实现,已裁决
K11,暴击,数值X,触发式,造成伤害时,有50%几率额外造成X点伤害,已实现,已裁决 对国王生效 不触发其他造成伤害时效果
K12,扎根,无,静态,持续,无法被弹射,已实现,已裁决 移动机制已删除
K13,无敌,无,静态,持续,无法受到伤害或被弹射；不免疫消灭,已实现,已裁决 优先于淬毒
K14,组合,无,静态,持续,解锁该线路第2个身位 前排1加后排1,已实现,已裁决
K15,献祭,无,动作非词条,由卡牌文本触发,指定一个友方单位将其消灭,已实现,已裁决 不可献祭自身
K16,溅射,数值X,触发式,发动攻击时,对相邻的左右各一条线路上的所有敌方单位含后排造成X点伤害,已实现,已裁决 不溢出打国王
K17,淬毒,数值X,触发式,造成大于0的伤害时,使攻击目标在下个回合开始时受到X点伤害；无视装甲与祝福,已实现,已裁决 不可穿透无敌 可叠加；国王同样会中毒（标记记在玩家对象上，见 D69）
K18,穿透,数值X,触发式,攻击时,命中本线路上最多X个敌方单位含后排；不足则溢出一次攻击力给敌方国王,已实现,已裁决 口径见裁决 D18 主要目标之外额外命中 空线路不重复加伤
K19,先制,无,静态,开战时,本单位的伤害先于同线路其他单位结算；被它打死的敌人当回合不反击；每回合仍只攻击一次,已实现,已裁决 D23 卡面写作「这张牌在开战时优先攻击」
K20,冻结,无,静态-状态,被冻结的单位下一次攻击时,不进行此次攻击并解除冻结,已实现,已裁决 状态型不是卡面词条 重复冻结不叠加 只有本来会攻击的单位才消耗标记
K21,捕猎,无,触发式,有敌方单位被打出时,若可能则移动至该单位的线路；多个捕猎单位按山地→水路优先级依次移动,已实现,已裁决 扎根挡住移动 目标线路的同一排被占则不动
K22,必中,无,静态,攻击时,忽略敌方单位的阻挡仅攻击国王且伤害不可被免疫,已实现,已裁决 溅射与穿透在该单位身上不再结算 连无敌也挡不住
K23,复生,无,触发式,被消灭后,在原处复活一次并失去复生,已实现,已裁决 回满血 不触发被消灭异能也不触发国王被动 复活不触发打出效果
K24,融合进化,无,静态-打出限制,打出时,可在一个友方单位现在的位置上打出使其消失不触发被消灭效果,已实现,已裁决 消失也不触发国王的友方单位被消灭被动 因融合进化打出可带奖励效果(effect.when=fused)
K25,无法攻击,无,静态,持续,开战时不出手；即使攻击力被加成正数也不攻击,已实现,已裁决 卡牌「卫兵」 与「攻击力为0」不同
K26,陷阱,无,静态-标记,持续,埋伏反制型：使用与生效不算打出卡牌；按线路从左到右自动放进陷阱格（每方两个）；触发前敌方只看到「敌方陷阱」；触发后本回合有效、效果结束才消失。完整口径见裁决 D67,已实现,已裁决 卡牌「反应装甲」 词条表里原本没有这个词
